{
  "gizmos-infos": {
    "is2D": true,
    "is3DIcon": false,
    "iconSize": 2,
    "gridVisible": true,
    "originAxis2D": {
      "x_visible": true,
      "y_visible": true,
      "z_visible": false
    },
    "originAxis3D": {
      "x_visible": true,
      "y_visible": false,
      "z_visible": true
    },
    "gridColor": [
      166,
      166,
      166,
      255
    ],
    "transformToolName": "position",
    "pivot": "pivot",
    "coordinate": "local",
    "toolsVisibility3d": true
  },
  "__version__": "1.0.3",
  "builder": {},
  "snap-configs": {
    "position": {
      "x": 1,
      "y": 1,
      "z": 1
    },
    "rotation": 1,
    "scale": 1,
    "isPositionSnapEnabled": false,
    "isRotationSnapEnabled": false,
    "isScaleSnapEnabled": false
  },
  "rect-snap-configs": {
    "enableSnapping": true,
    "snapThreshold": 4
  },
  "float-window": {
    "position": {
      "cc": {
        "Camera": {
          "dock": false,
          "top": null,
          "bottom": 10,
          "left": null,
          "right": 10
        }
      }
    }
  },
  "camera-infos": {
    "f59fbd1f-b1df-45fb-b6cd-04fa1be742a3": {
      "position": {
        "x": 0,
        "y": 0,
        "z": 5000
      },
      "rotation": {
        "x": 0,
        "y": 0,
        "z": 0,
        "w": 1
      },
      "viewCenter": {
        "x": 0,
        "y": 0,
        "z": 0
      },
      "contentRect": {
        "x": 0,
        "y": 0,
        "width": 0,
        "height": 0
      },
      "scale": 1
    },
    "801fa2d2-75f4-434d-8903-371f1355b9a9": {
      "position": {
        "x": 0,
        "y": 0,
        "z": 5000
      },
      "rotation": {
        "x": 0,
        "y": 0,
        "z": 0,
        "w": 1
      },
      "viewCenter": {
        "x": 0,
        "y": 0,
        "z": 0
      },
      "contentRect": {
        "x": 0,
        "y": 0,
        "width": 0,
        "height": 0
      },
      "scale": 1
    },
    "5e232359-d48d-4b54-a788-7ce0a6f5f077": {
      "position": {
        "x": 719.2066666666667,
        "y": 462.46000000000004,
        "z": 5000
      },
      "rotation": {
        "x": 0,
        "y": 0,
        "z": 0,
        "w": 1
      },
      "viewCenter": {
        "x": 0,
        "y": 0,
        "z": 0
      },
      "contentRect": {
        "x": 0,
        "y": 5.684341886080802e-14,
        "width": 1050,
        "height": 590.625
      },
      "scale": 0.8203125
    },
    "f502f074-370e-416a-8e72-35ecef74d7b9": {
      "position": {
        "x": 639.5983333333334,
        "y": 360.40166666666676,
        "z": 5000
      },
      "rotation": {
        "x": 0,
        "y": 0,
        "z": 0,
        "w": 1
      },
      "viewCenter": {
        "x": 0,
        "y": 0,
        "z": 0
      },
      "contentRect": {
        "x": 0,
        "y": 5.684341886080802e-14,
        "width": 896,
        "height": 504
      },
      "scale": 0.7
    },
    "07299f58-9020-4da3-8e2d-25d23b5f13ad": {
      "position": {
        "x": 640,
        "y": 360.0000000000001,
        "z": 5000
      },
      "rotation": {
        "x": 0,
        "y": 0,
        "z": 0,
        "w": 1
      },
      "viewCenter": {
        "x": 0,
        "y": 0,
        "z": 0
      },
      "contentRect": {
        "x": 0,
        "y": 5.684341886080802e-14,
        "width": 896,
        "height": 504
      },
      "scale": 0.7
    },
    "2a5a5079-8c98-4d68-989e-3391af040ef1": {
      "position": {
        "x": 639.3133333333334,
        "y": 360.6866666666667,
        "z": 5000
      },
      "rotation": {
        "x": 0,
        "y": 0,
        "z": 0,
        "w": 1
      },
      "viewCenter": {
        "x": 0,
        "y": 0,
        "z": 0
      },
      "contentRect": {
        "x": 0,
        "y": 5.684341886080802e-14,
        "width": 896,
        "height": 504
      },
      "scale": 0.7
    },
    "9bf211d9-d9aa-454d-a360-aeb2b57a3644": {
      "position": {
        "x": 639.2433333333333,
        "y": 360.7566666666667,
        "z": 5000
      },
      "rotation": {
        "x": 0,
        "y": 0,
        "z": 0,
        "w": 1
      },
      "viewCenter": {
        "x": 0,
        "y": 0,
        "z": 0
      },
      "contentRect": {
        "x": 0,
        "y": 5.684341886080802e-14,
        "width": 896,
        "height": 504
      },
      "scale": 0.7
    },
    "ce712408-db03-4b39-9666-a3ee5e6d38ae": {
      "position": {
        "x": 640,
        "y": 360,
        "z": 5000
      },
      "rotation": {
        "x": 0,
        "y": 0,
        "z": 0,
        "w": 1
      },
      "viewCenter": {
        "x": 0,
        "y": 0,
        "z": 0
      },
      "contentRect": {
        "x": 590,
        "y": 310,
        "width": 436.1000000000001,
        "height": 436.1000000000001
      },
      "scale": 4.361000000000001
    },
    "7e6c876c-e027-40c5-9734-4afc37100d28": {
      "position": {
        "x": 640,
        "y": 360,
        "z": 5000
      },
      "rotation": {
        "x": 0,
        "y": 0,
        "z": 0,
        "w": 1
      },
      "viewCenter": {
        "x": 0,
        "y": 0,
        "z": 0
      },
      "contentRect": {
        "x": 640,
        "y": 360,
        "width": 0,
        "height": 0
      },
      "scale": 1
    },
    "d434f8a1-bc66-4888-a205-019efb5d7c5b": {
      "position": {
        "x": 640.0000000000001,
        "y": 360.00000000000006,
        "z": 5000
      },
      "rotation": {
        "x": 0,
        "y": 0,
        "z": 0,
        "w": 1
      },
      "viewCenter": {
        "x": 0,
        "y": 0,
        "z": 0
      },
      "contentRect": {
        "x": 600,
        "y": 320,
        "width": 436.1,
        "height": 436.1
      },
      "scale": 5.45125
    },
    "c077daaf-b1f8-4aac-bdbb-602a8a823c8a": {
      "position": {
        "x": 640,
        "y": 310,
        "z": 5000
      },
      "rotation": {
        "x": 0,
        "y": 0,
        "z": 0,
        "w": 1
      },
      "viewCenter": {
        "x": 0,
        "y": 0,
        "z": 0
      },
      "contentRect": {
        "x": 289.322265625,
        "y": 260,
        "width": 542.5,
        "height": 77.35022027658496
      },
      "scale": 0.7735022027658496
    },
    "1a468734-36c5-4e34-98aa-7ee8b6478918": {
      "position": {
        "x": 0,
        "y": 0,
        "z": 5000
      },
      "rotation": {
        "x": 0,
        "y": 0,
        "z": 0,
        "w": 1
      },
      "viewCenter": {
        "x": 0,
        "y": 0,
        "z": 0
      },
      "contentRect": {
        "x": 0,
        "y": 0,
        "width": 0,
        "height": 0
      },
      "scale": 1
    },
    "db702212-e94f-47a7-ba0a-40a5c7a4b4e9": {
      "position": {
        "x": 0,
        "y": 0,
        "z": 5000
      },
      "rotation": {
        "x": 0,
        "y": 0,
        "z": 0,
        "w": 1
      },
      "viewCenter": {
        "x": 0,
        "y": 0,
        "z": 0
      },
      "contentRect": {
        "x": 0,
        "y": 0,
        "width": 0,
        "height": 0
      },
      "scale": 1
    },
    "ff510237-1ccd-48c3-8608-f56329c82b01": {
      "position": {
        "x": 478.75,
        "y": 270.4166666666667,
        "z": 5000
      },
      "rotation": {
        "x": 0,
        "y": 0,
        "z": 0,
        "w": 1
      },
      "viewCenter": {
        "x": 0,
        "y": 0,
        "z": 0
      },
      "contentRect": {
        "x": 0,
        "y": 5.684341886080802e-14,
        "width": 582.4,
        "height": 327.6
      },
      "scale": 0.455
    },
    "f61b5f65-fe87-4e22-be1c-7101390ed904": {
      "position": {
        "x": 678.8557670259115,
        "y": 381.42857142857144,
        "z": 5000
      },
      "rotation": {
        "x": 0,
        "y": 0,
        "z": 0,
        "w": 1
      },
      "viewCenter": {
        "x": 0,
        "y": 0,
        "z": 0
      },
      "contentRect": {
        "x": 590,
        "y": 310,
        "width": 775,
        "height": 623
      },
      "scale": 4.361000000000001
    }
  },
  "camera-uuids": [
    "f59fbd1f-b1df-45fb-b6cd-04fa1be742a3",
    "801fa2d2-75f4-434d-8903-371f1355b9a9",
    "5e232359-d48d-4b54-a788-7ce0a6f5f077",
    "f502f074-370e-416a-8e72-35ecef74d7b9",
    "07299f58-9020-4da3-8e2d-25d23b5f13ad",
    "2a5a5079-8c98-4d68-989e-3391af040ef1",
    "9bf211d9-d9aa-454d-a360-aeb2b57a3644",
    "ce712408-db03-4b39-9666-a3ee5e6d38ae",
    "7e6c876c-e027-40c5-9734-4afc37100d28",
    "d434f8a1-bc66-4888-a205-019efb5d7c5b",
    "c077daaf-b1f8-4aac-bdbb-602a8a823c8a",
    "1a468734-36c5-4e34-98aa-7ee8b6478918",
    "db702212-e94f-47a7-ba0a-40a5c7a4b4e9",
    "ff510237-1ccd-48c3-8608-f56329c82b01",
    "f61b5f65-fe87-4e22-be1c-7101390ed904"
  ],
  "camera": {
    "color": [
      48,
      48,
      48,
      255
    ],
    "fov": 45,
    "far": 10000,
    "near": 0.01,
    "wheelSpeed": 0.01,
    "wanderSpeed": 10,
    "enableAcceleration": true,
    "size": "__default_design__",
    "far2D": 10000,
    "near2D": 1,
    "wheelSpeed2D": 6,
    "iso": 0,
    "aperture": 19,
    "shutter": 7
  },
  "scene_view": {
    "isSceneLightOn": true,
    "output_device": "__default_design__"
  },
  "game-view": {
    "fps": 60,
    "scaleValue": 65,
    "sliderValue": 31,
    "rotate": false
  }
}
