{
  "6ab5765b-2c44-4f76-908e-26f0f257a273": {
    "assetUuid": "6ab5765b-2c44-4f76-908e-26f0f257a273",
    "animationUuid": "",
    "expandLevels": [
      "0"
    ]
  },
  "f61b5f65-fe87-4e22-be1c-7101390ed904": {
    "assetUuid": "f61b5f65-fe87-4e22-be1c-7101390ed904",
    "animationUuid": "",
    "expandLevels": [
      "0",
      "0_0",
      "0_0_1",
      "0_0_3",
      "0_0_3_1"
    ]
  },
  "d434f8a1-bc66-4888-a205-019efb5d7c5b": {
    "assetUuid": "d434f8a1-bc66-4888-a205-019efb5d7c5b",
    "animationUuid": "",
    "expandLevels": [
      "0",
      "0_0"
    ]
  },
  "db702212-e94f-47a7-ba0a-40a5c7a4b4e9": {
    "assetUuid": "db702212-e94f-47a7-ba0a-40a5c7a4b4e9",
    "animationUuid": "",
    "expandLevels": [
      "0"
    ]
  },
  "f59fbd1f-b1df-45fb-b6cd-04fa1be742a3": {
    "assetUuid": "f59fbd1f-b1df-45fb-b6cd-04fa1be742a3",
    "animationUuid": "",
    "expandLevels": [
      "0"
    ]
  },
  "801fa2d2-75f4-434d-8903-371f1355b9a9": {
    "assetUuid": "801fa2d2-75f4-434d-8903-371f1355b9a9",
    "animationUuid": "",
    "expandLevels": [
      "0",
      "0_0"
    ]
  },
  "1a468734-36c5-4e34-98aa-7ee8b6478918": {
    "assetUuid": "1a468734-36c5-4e34-98aa-7ee8b6478918",
    "animationUuid": "",
    "expandLevels": [
      "0"
    ]
  },
  "c077daaf-b1f8-4aac-bdbb-602a8a823c8a": {
    "assetUuid": "c077daaf-b1f8-4aac-bdbb-602a8a823c8a",
    "animationUuid": "",
    "expandLevels": [
      "0"
    ]
  },
  "7e6c876c-e027-40c5-9734-4afc37100d28": {
    "assetUuid": "7e6c876c-e027-40c5-9734-4afc37100d28",
    "animationUuid": "",
    "expandLevels": [
      "0"
    ]
  },
  "ce712408-db03-4b39-9666-a3ee5e6d38ae": {
    "assetUuid": "ce712408-db03-4b39-9666-a3ee5e6d38ae",
    "animationUuid": "",
    "expandLevels": [
      "0"
    ]
  }
}
