{
  "imports": {
    "cce:/internal/x/cc": "./chunks/93/93ba276ea7b26ffcdc433fab14afc1ed6f05647b.js",
    "cce:/internal/x/prerequisite-imports": "./chunks/6d/6d8fd2b0177941b032ddc0733af48a561fb60657.js",
    "file:///D:/Universe/DotsAndBoxes/assets/scripts/BoardGenerator.ts": "./chunks/e7/e7c871c264860968cfd34af0047406bb6274e722.js",
    "file:///D:/Universe/DotsAndBoxes/assets/scripts/BoxInfo.ts": "./chunks/63/63de6523e556583c258e6881c7ec36757e566d96.js",
    "file:///D:/Universe/DotsAndBoxes/assets/scripts/GameManager.ts": "./chunks/50/506ba09eb83124cf93a76d3953dea81532fbabaf.js",
    "file:///D:/Universe/DotsAndBoxes/assets/scripts/GameScene.ts": "./chunks/cf/cf3a0eac02b8f07941e8dfcc27edc9e3a96e1072.js",
    "file:///D:/Universe/DotsAndBoxes/assets/scripts/LineInfo.ts": "./chunks/99/9966221a9a1b42924698ddf6176d52eb30dd397e.js",
    "file:///D:/Universe/DotsAndBoxes/assets/scripts/PointInfo.ts": "./chunks/12/12d6389ca1f2f4a509f09e4557c4d7879f5f24c3.js",
    "file:///D:/cocos-dashboard-editors/Creator/3.8.6/resources/resources/3d/engine/editor/assets/default_renderpipeline/builtin-dof-pass.ts": "./chunks/c3/c3307a00f4f64087cbad580e6286afef55bf3d24.js",
    "file:///D:/cocos-dashboard-editors/Creator/3.8.6/resources/resources/3d/engine/editor/assets/default_renderpipeline/builtin-pipeline-pass.ts": "./chunks/9a/9aa2ad131422cbfd68bf760c844054ee56f1ef96.js",
    "file:///D:/cocos-dashboard-editors/Creator/3.8.6/resources/resources/3d/engine/editor/assets/default_renderpipeline/builtin-pipeline-settings.ts": "./chunks/5c/5c10e31e6ed3ed1ec2bb54a03ef827b38e7e28b1.js",
    "file:///D:/cocos-dashboard-editors/Creator/3.8.6/resources/resources/3d/engine/editor/assets/default_renderpipeline/builtin-pipeline-types.ts": "./chunks/f0/f0fd35389caf55c1843f21dd447a27a852e45b0f.js",
    "file:///D:/cocos-dashboard-editors/Creator/3.8.6/resources/resources/3d/engine/editor/assets/default_renderpipeline/builtin-pipeline.ts": "./chunks/e6/e6af517d281bbaa26fb67f77bc18f3796bcb39fe.js",
    "file:///D:/cocos-dashboard-editors/Creator/3.8.6/resources/resources/3d/engine/editor/assets/tools/debug-view-runtime-control.ts": "./chunks/44/440f8f1cf66335e073ab86a145ba88eacffd4427.js"
  },
  "scopes": {
    "./chunks/44/440f8f1cf66335e073ab86a145ba88eacffd4427.js": {
      "cc": "./chunks/93/93ba276ea7b26ffcdc433fab14afc1ed6f05647b.js"
    },
    "./chunks/93/93ba276ea7b26ffcdc433fab14afc1ed6f05647b.js": {
      "__unresolved_0": "cce:/internal/x/cc-fu/2d",
      "__unresolved_1": "cce:/internal/x/cc-fu/sorting",
      "__unresolved_10": "cce:/internal/x/cc-fu/graphics",
      "__unresolved_11": "cce:/internal/x/cc-fu/intersection-2d",
      "__unresolved_12": "cce:/internal/x/cc-fu/mask",
      "__unresolved_13": "cce:/internal/x/cc-fu/particle-2d",
      "__unresolved_14": "cce:/internal/x/cc-fu/physics-2d-box2d",
      "__unresolved_15": "cce:/internal/x/cc-fu/physics-2d-framework",
      "__unresolved_16": "cce:/internal/x/cc-fu/profiler",
      "__unresolved_17": "cce:/internal/x/cc-fu/rich-text",
      "__unresolved_18": "cce:/internal/x/cc-fu/spine",
      "__unresolved_19": "cce:/internal/x/cc-fu/tiled-map",
      "__unresolved_2": "cce:/internal/x/cc-fu/affine-transform",
      "__unresolved_20": "cce:/internal/x/cc-fu/tween",
      "__unresolved_21": "cce:/internal/x/cc-fu/ui",
      "__unresolved_22": "cce:/internal/x/cc-fu/video",
      "__unresolved_23": "cce:/internal/x/cc-fu/webview",
      "__unresolved_3": "cce:/internal/x/cc-fu/animation",
      "__unresolved_4": "cce:/internal/x/cc-fu/audio",
      "__unresolved_5": "cce:/internal/x/cc-fu/base",
      "__unresolved_6": "cce:/internal/x/cc-fu/custom-pipeline",
      "__unresolved_7": "cce:/internal/x/cc-fu/dragon-bones",
      "__unresolved_8": "cce:/internal/x/cc-fu/gfx-webgl",
      "__unresolved_9": "cce:/internal/x/cc-fu/gfx-webgl2"
    },
    "./chunks/e6/e6af517d281bbaa26fb67f77bc18f3796bcb39fe.js": {
      "__unresolved_0": "./chunks/6a/6a5019a719a9014c047e67aa1cf34453ab8392ce.js",
      "__unresolved_1": "./chunks/f0/f0fd35389caf55c1843f21dd447a27a852e45b0f.js",
      "cc": "./chunks/93/93ba276ea7b26ffcdc433fab14afc1ed6f05647b.js"
    },
    "./chunks/f0/f0fd35389caf55c1843f21dd447a27a852e45b0f.js": {
      "cc": "./chunks/93/93ba276ea7b26ffcdc433fab14afc1ed6f05647b.js"
    },
    "./chunks/5c/5c10e31e6ed3ed1ec2bb54a03ef827b38e7e28b1.js": {
      "__unresolved_0": "./chunks/6a/6a5019a719a9014c047e67aa1cf34453ab8392ce.js",
      "__unresolved_1": "./chunks/f0/f0fd35389caf55c1843f21dd447a27a852e45b0f.js",
      "cc": "./chunks/93/93ba276ea7b26ffcdc433fab14afc1ed6f05647b.js"
    },
    "./chunks/9a/9aa2ad131422cbfd68bf760c844054ee56f1ef96.js": {
      "__unresolved_0": "./chunks/6a/6a5019a719a9014c047e67aa1cf34453ab8392ce.js",
      "__unresolved_1": "./chunks/5c/5c10e31e6ed3ed1ec2bb54a03ef827b38e7e28b1.js",
      "cc": "./chunks/93/93ba276ea7b26ffcdc433fab14afc1ed6f05647b.js"
    },
    "./chunks/c3/c3307a00f4f64087cbad580e6286afef55bf3d24.js": {
      "__unresolved_0": "./chunks/6a/6a5019a719a9014c047e67aa1cf34453ab8392ce.js",
      "__unresolved_1": "./chunks/5c/5c10e31e6ed3ed1ec2bb54a03ef827b38e7e28b1.js",
      "__unresolved_2": "./chunks/9a/9aa2ad131422cbfd68bf760c844054ee56f1ef96.js",
      "__unresolved_3": "./chunks/e6/e6af517d281bbaa26fb67f77bc18f3796bcb39fe.js",
      "cc": "./chunks/93/93ba276ea7b26ffcdc433fab14afc1ed6f05647b.js"
    },
    "./chunks/12/12d6389ca1f2f4a509f09e4557c4d7879f5f24c3.js": {
      "__unresolved_0": "./chunks/6a/6a5019a719a9014c047e67aa1cf34453ab8392ce.js",
      "__unresolved_1": "./chunks/50/506ba09eb83124cf93a76d3953dea81532fbabaf.js",
      "cc": "./chunks/93/93ba276ea7b26ffcdc433fab14afc1ed6f05647b.js"
    },
    "./chunks/50/506ba09eb83124cf93a76d3953dea81532fbabaf.js": {
      "__unresolved_0": "./chunks/6a/6a5019a719a9014c047e67aa1cf34453ab8392ce.js",
      "__unresolved_1": "./chunks/63/63de6523e556583c258e6881c7ec36757e566d96.js",
      "__unresolved_2": "./chunks/99/9966221a9a1b42924698ddf6176d52eb30dd397e.js",
      "cc": "./chunks/93/93ba276ea7b26ffcdc433fab14afc1ed6f05647b.js"
    },
    "./chunks/99/9966221a9a1b42924698ddf6176d52eb30dd397e.js": {
      "__unresolved_0": "./chunks/6a/6a5019a719a9014c047e67aa1cf34453ab8392ce.js",
      "__unresolved_1": "./chunks/50/506ba09eb83124cf93a76d3953dea81532fbabaf.js",
      "cc": "./chunks/93/93ba276ea7b26ffcdc433fab14afc1ed6f05647b.js"
    },
    "./chunks/63/63de6523e556583c258e6881c7ec36757e566d96.js": {
      "cc": "./chunks/93/93ba276ea7b26ffcdc433fab14afc1ed6f05647b.js"
    },
    "./chunks/cf/cf3a0eac02b8f07941e8dfcc27edc9e3a96e1072.js": {
      "cc": "./chunks/93/93ba276ea7b26ffcdc433fab14afc1ed6f05647b.js"
    },
    "./chunks/e7/e7c871c264860968cfd34af0047406bb6274e722.js": {
      "__unresolved_0": "./chunks/6a/6a5019a719a9014c047e67aa1cf34453ab8392ce.js",
      "__unresolved_1": "./chunks/63/63de6523e556583c258e6881c7ec36757e566d96.js",
      "__unresolved_2": "./chunks/50/506ba09eb83124cf93a76d3953dea81532fbabaf.js",
      "__unresolved_3": "./chunks/12/12d6389ca1f2f4a509f09e4557c4d7879f5f24c3.js",
      "cc": "./chunks/93/93ba276ea7b26ffcdc433fab14afc1ed6f05647b.js"
    },
    "./chunks/6d/6d8fd2b0177941b032ddc0733af48a561fb60657.js": {
      "__unresolved_0": "./chunks/e7/e7c871c264860968cfd34af0047406bb6274e722.js",
      "__unresolved_1": "./chunks/63/63de6523e556583c258e6881c7ec36757e566d96.js",
      "__unresolved_10": "./chunks/e6/e6af517d281bbaa26fb67f77bc18f3796bcb39fe.js",
      "__unresolved_11": "./chunks/44/440f8f1cf66335e073ab86a145ba88eacffd4427.js",
      "__unresolved_2": "./chunks/50/506ba09eb83124cf93a76d3953dea81532fbabaf.js",
      "__unresolved_3": "./chunks/cf/cf3a0eac02b8f07941e8dfcc27edc9e3a96e1072.js",
      "__unresolved_4": "./chunks/99/9966221a9a1b42924698ddf6176d52eb30dd397e.js",
      "__unresolved_5": "./chunks/12/12d6389ca1f2f4a509f09e4557c4d7879f5f24c3.js",
      "__unresolved_6": "./chunks/c3/c3307a00f4f64087cbad580e6286afef55bf3d24.js",
      "__unresolved_7": "./chunks/9a/9aa2ad131422cbfd68bf760c844054ee56f1ef96.js",
      "__unresolved_8": "./chunks/5c/5c10e31e6ed3ed1ec2bb54a03ef827b38e7e28b1.js",
      "__unresolved_9": "./chunks/f0/f0fd35389caf55c1843f21dd447a27a852e45b0f.js"
    }
  }
}