{
  "version": "1.0.0",
  "map": {
    "D:\\Game 1\\DotsAndBoxes\\assets\\scripts.meta": {
      "time": 1750948399789.8943
    },
    "D:\\Game 1\\DotsAndBoxes\\assets\\scripts": {
      "time": 1750949206767.6555,
      "uuid": "1077495d-7805-4ae8-ac4f-9058053ed474"
    },
    "D:\\Game 1\\DotsAndBoxes\\assets\\scripts\\GameManager.ts.meta": {
      "time": 1750948436630.6033
    },
    "D:\\Game 1\\DotsAndBoxes\\assets\\scripts\\GameManager.ts": {
      "time": 1750951712651.6335,
      "uuid": "f08df0c1-d72c-4717-8aaf-3cddc2f3f3e7"
    },
    "D:\\Game 1\\DotsAndBoxes\\assets\\scripts\\GameScene.ts.meta": {
      "time": 1750948447235.7576
    },
    "D:\\Game 1\\DotsAndBoxes\\assets\\scripts\\GameScene.ts": {
      "time": 1750948447233.25,
      "uuid": "79c6f13d-923b-45e8-8b00-a037446e0b88"
    },
    "D:\\Game 1\\DotsAndBoxes\\assets\\scripts\\BoardGenerator.ts.meta": {
      "time": 1750948459708.3386
    },
    "D:\\Game 1\\DotsAndBoxes\\assets\\scripts\\BoardGenerator.ts": {
      "time": 1750952914700.7046,
      "uuid": "88d1bdbf-d6b9-431f-a2ae-b2976286c204"
    },
    "D:\\Game 1\\DotsAndBoxes\\assets\\prefabs.meta": {
      "time": 1750948475700.4392
    },
    "D:\\Game 1\\DotsAndBoxes\\assets\\prefabs": {
      "time": 1750949353976.1516,
      "uuid": "43c252cd-2055-4f67-9c8d-280158692e32"
    },
    "D:\\Game 1\\DotsAndBoxes\\assets\\ui.meta": {
      "time": 1750948490939.0022
    },
    "D:\\Game 1\\DotsAndBoxes\\assets\\ui": {
      "time": 1750948501179.0632,
      "uuid": "6f7a64b8-a263-4faa-8529-7c60122d10c0"
    },
    "D:\\Game 1\\DotsAndBoxes\\assets\\ui\\MainUI.scene.meta": {
      "time": 1750948501182.7476
    },
    "D:\\Game 1\\DotsAndBoxes\\assets\\ui\\MainUI.scene": {
      "time": 1750948501180.75,
      "uuid": "f61b5f65-fe87-4e22-be1c-7101390ed904"
    },
    "D:\\Game 1\\DotsAndBoxes\\assets\\prefabs\\Point.prefab.meta": {
      "time": 1750948655988.7122
    },
    "D:\\Game 1\\DotsAndBoxes\\assets\\prefabs\\Point.prefab": {
      "time": 1750948655977.6077,
      "uuid": "1a468734-36c5-4e34-98aa-7ee8b6478918"
    },
    "D:\\Game 1\\DotsAndBoxes\\assets\\scripts\\LineInfo.ts.meta": {
      "time": 1750948862574.8762
    },
    "D:\\Game 1\\DotsAndBoxes\\assets\\scripts\\LineInfo.ts": {
      "time": 1750952387886.4277,
      "uuid": "9f5b574d-7747-44c9-9c0a-06a050fdcf1d"
    },
    "D:\\Game 1\\DotsAndBoxes\\assets\\prefabs\\Line.prefab.meta": {
      "time": 1750948936439.9485
    },
    "D:\\Game 1\\DotsAndBoxes\\assets\\prefabs\\Line.prefab": {
      "time": 1750948936439.9485,
      "uuid": "db702212-e94f-47a7-ba0a-40a5c7a4b4e9"
    },
    "D:\\Game 1\\DotsAndBoxes\\assets\\scripts\\BoxInfo.ts.meta": {
      "time": 1750949206769.6533
    },
    "D:\\Game 1\\DotsAndBoxes\\assets\\scripts\\BoxInfo.ts": {
      "time": 1750952323422.3652,
      "uuid": "40db612f-2405-43ff-a98b-afe2ec95039a"
    },
    "D:\\Game 1\\DotsAndBoxes\\assets\\prefabs\\Box.prefab.meta": {
      "time": 1750949353978.4917
    },
    "D:\\Game 1\\DotsAndBoxes\\assets\\prefabs\\Box.prefab": {
      "time": 1750949353977.4863,
      "uuid": "d434f8a1-bc66-4888-a205-019efb5d7c5b"
    },
    "D:\\Universe\\DotsAndBoxes\\assets\\prefabs": {
      "time": 1751009425002.0942,
      "uuid": "43c252cd-2055-4f67-9c8d-280158692e32"
    },
    "D:\\Universe\\DotsAndBoxes\\assets\\scripts": {
      "time": 1751020374347.4666,
      "uuid": "1077495d-7805-4ae8-ac4f-9058053ed474"
    },
    "D:\\Universe\\DotsAndBoxes\\assets\\ui": {
      "time": 1750948502000,
      "uuid": "6f7a64b8-a263-4faa-8529-7c60122d10c0"
    },
    "D:\\Universe\\DotsAndBoxes\\assets\\scripts\\BoardGenerator.ts": {
      "time": 1751020403413.0737,
      "uuid": "88d1bdbf-d6b9-431f-a2ae-b2976286c204"
    },
    "D:\\Universe\\DotsAndBoxes\\assets\\scripts\\BoxInfo.ts": {
      "time": 1751007576137.8064,
      "uuid": "40db612f-2405-43ff-a98b-afe2ec95039a"
    },
    "D:\\Universe\\DotsAndBoxes\\assets\\scripts\\GameManager.ts": {
      "time": 1751019745848.5366,
      "uuid": "f08df0c1-d72c-4717-8aaf-3cddc2f3f3e7"
    },
    "D:\\Universe\\DotsAndBoxes\\assets\\scripts\\GameScene.ts": {
      "time": 1750948448000,
      "uuid": "79c6f13d-923b-45e8-8b00-a037446e0b88"
    },
    "D:\\Universe\\DotsAndBoxes\\assets\\scripts\\LineInfo.ts": {
      "time": 1751019743612.3137,
      "uuid": "9f5b574d-7747-44c9-9c0a-06a050fdcf1d"
    },
    "D:\\Universe\\DotsAndBoxes\\assets\\prefabs.meta": {
      "time": 1750948476000
    },
    "D:\\Universe\\DotsAndBoxes\\assets\\scripts.meta": {
      "time": 1750948400000
    },
    "D:\\Universe\\DotsAndBoxes\\assets\\ui.meta": {
      "time": 1750948492000
    },
    "D:\\Universe\\DotsAndBoxes\\assets\\scripts\\BoardGenerator.ts.meta": {
      "time": 1750948460000
    },
    "D:\\Universe\\DotsAndBoxes\\assets\\scripts\\BoxInfo.ts.meta": {
      "time": 1750949208000
    },
    "D:\\Universe\\DotsAndBoxes\\assets\\scripts\\GameManager.ts.meta": {
      "time": 1750948438000
    },
    "D:\\Universe\\DotsAndBoxes\\assets\\scripts\\GameScene.ts.meta": {
      "time": 1750948448000
    },
    "D:\\Universe\\DotsAndBoxes\\assets\\scripts\\LineInfo.ts.meta": {
      "time": 1750948864000
    },
    "D:\\Universe\\DotsAndBoxes\\assets\\prefabs\\Box.prefab": {
      "time": 1750949354000,
      "uuid": "d434f8a1-bc66-4888-a205-019efb5d7c5b"
    },
    "D:\\Universe\\DotsAndBoxes\\assets\\prefabs\\Line.prefab": {
      "time": 1751019166403.4902,
      "uuid": "db702212-e94f-47a7-ba0a-40a5c7a4b4e9"
    },
    "D:\\Universe\\DotsAndBoxes\\assets\\prefabs\\Point.prefab": {
      "time": 1751010608222.3655,
      "uuid": "1a468734-36c5-4e34-98aa-7ee8b6478918"
    },
    "D:\\Universe\\DotsAndBoxes\\assets\\ui\\MainUI.scene": {
      "time": 1751019176757.8093,
      "uuid": "f61b5f65-fe87-4e22-be1c-7101390ed904"
    },
    "D:\\Universe\\DotsAndBoxes\\assets\\prefabs\\Line.prefab.meta": {
      "time": 1750948938000
    },
    "D:\\Universe\\DotsAndBoxes\\assets\\prefabs\\Point.prefab.meta": {
      "time": 1750948656000
    },
    "D:\\Universe\\DotsAndBoxes\\assets\\prefabs\\Box.prefab.meta": {
      "time": 1750949354000
    },
    "D:\\Universe\\DotsAndBoxes\\assets\\ui\\MainUI.scene.meta": {
      "time": 1750948502000
    },
    "D:\\Universe\\DotsAndBoxes\\assets\\prefabs\\UIRoot.prefab.meta": {
      "time": 1750996893584.211
    },
    "D:\\Universe\\DotsAndBoxes\\assets\\prefabs\\UIRoot.prefab": {
      "time": 1750996893582.2168,
      "uuid": "c077daaf-b1f8-4aac-bdbb-602a8a823c8a"
    },
    "D:\\Universe\\DotsAndBoxes\\assets\\prefabs\\GameManager.prefab.meta": {
      "time": 1750997139858.8438
    },
    "D:\\Universe\\DotsAndBoxes\\assets\\prefabs\\GameManager.prefab": {
      "time": 1750997139857.8477,
      "uuid": "7e6c876c-e027-40c5-9734-4afc37100d28"
    },
    "D:\\Universe\\DotsAndBoxes\\assets\\prefabs\\BoardRoot.prefab.meta": {
      "time": 1751009425005.0864
    },
    "D:\\Universe\\DotsAndBoxes\\assets\\prefabs\\BoardRoot.prefab": {
      "time": 1751009574322.2756,
      "uuid": "ce712408-db03-4b39-9666-a3ee5e6d38ae"
    },
    "D:\\Universe\\DotsAndBoxes\\assets\\scripts\\PointInfo.ts.meta": {
      "time": 1751020374356.4702
    },
    "D:\\Universe\\DotsAndBoxes\\assets\\scripts\\PointInfo.ts": {
      "time": 1751020604063.3794,
      "uuid": "90c879ba-23a6-4734-b97d-5b95508d8157"
    }
  },
  "missing": {
    "1077495d-7805-4ae8-ac4f-9058053ed474": {
      "path": "D:\\Game 1\\DotsAndBoxes\\assets\\folder",
      "time": 1750948399788.234,
      "removeTime": 1750948413921
    },
    "43c252cd-2055-4f67-9c8d-280158692e32": {
      "path": "D:\\Game 1\\DotsAndBoxes\\assets\\folder",
      "time": 1750948475698.1882,
      "removeTime": 1750948481780
    },
    "ce712408-db03-4b39-9666-a3ee5e6d38ae": {
      "path": "D:\\Universe\\DotsAndBoxes\\assets\\prefabs\\boardRoot.prefab",
      "time": 1751008942631.6238,
      "removeTime": 1751009425000
    }
  }
}
