{
  "1077495d-7805-4ae8-ac4f-9058053ed474": {
    "url": "db://assets/scripts",
    "value": {},
    "versionCode": 1
  },
  "f08df0c1-d72c-4717-8aaf-3cddc2f3f3e7": {
    "url": "db://assets/scripts/GameManager.ts",
    "value": {},
    "versionCode": 1
  },
  "79c6f13d-923b-45e8-8b00-a037446e0b88": {
    "url": "db://assets/scripts/GameScene.ts",
    "value": {},
    "versionCode": 1
  },
  "88d1bdbf-d6b9-431f-a2ae-b2976286c204": {
    "url": "db://assets/scripts/BoardGenerator.ts",
    "value": {},
    "versionCode": 1
  },
  "43c252cd-2055-4f67-9c8d-280158692e32": {
    "url": "db://assets/prefabs",
    "value": {},
    "versionCode": 1
  },
  "6f7a64b8-a263-4faa-8529-7c60122d10c0": {
    "url": "db://assets/ui",
    "value": {},
    "versionCode": 1
  },
  "f61b5f65-fe87-4e22-be1c-7101390ed904": {
    "url": "db://assets/ui/MainUI.scene",
    "value": {
      "depends": [
        "f61b5f65-fe87-4e22-be1c-7101390ed904",
        "7e6c876c-e027-40c5-9734-4afc37100d28",
        "ce712408-db03-4b39-9666-a3ee5e6d38ae",
        "1a468734-36c5-4e34-98aa-7ee8b6478918",
        "db702212-e94f-47a7-ba0a-40a5c7a4b4e9",
        "d434f8a1-bc66-4888-a205-019efb5d7c5b",
        "c077daaf-b1f8-4aac-bdbb-602a8a823c8a"
      ],
      "dependScripts": [
        "CC3eba29-7abb-723a-f7ab-ae275e2277e8",
        "88d1bdbf-d6b9-431f-a2ae-b2976286c204"
      ]
    },
    "versionCode": 1
  },
  "1a468734-36c5-4e34-98aa-7ee8b6478918": {
    "url": "db://assets/prefabs/Point.prefab",
    "value": {
      "depends": [
        "7d8f9b89-4fd1-4c9f-a3ab-38ec7cded7ca@f9941"
      ],
      "dependScripts": []
    },
    "versionCode": 1
  },
  "9f5b574d-7747-44c9-9c0a-06a050fdcf1d": {
    "url": "db://assets/scripts/LineInfo.ts",
    "value": {},
    "versionCode": 1
  },
  "db702212-e94f-47a7-ba0a-40a5c7a4b4e9": {
    "url": "db://assets/prefabs/Line.prefab",
    "value": {
      "depends": [
        "7d8f9b89-4fd1-4c9f-a3ab-38ec7cded7ca@f9941"
      ],
      "dependScripts": [
        "9f5b574d-7747-44c9-9c0a-06a050fdcf1d"
      ]
    },
    "versionCode": 1
  },
  "40db612f-2405-43ff-a98b-afe2ec95039a": {
    "url": "db://assets/scripts/BoxInfo.ts",
    "value": {},
    "versionCode": 1
  },
  "d434f8a1-bc66-4888-a205-019efb5d7c5b": {
    "url": "db://assets/prefabs/Box.prefab",
    "value": {
      "depends": [
        "7d8f9b89-4fd1-4c9f-a3ab-38ec7cded7ca@f9941"
      ],
      "dependScripts": [
        "40db612f-2405-43ff-a98b-afe2ec95039a"
      ]
    },
    "versionCode": 1
  },
  "ce712408-db03-4b39-9666-a3ee5e6d38ae": {
    "url": "db://assets/prefabs/BoardRoot.prefab",
    "value": {
      "depends": [],
      "dependScripts": []
    },
    "versionCode": 1
  },
  "c077daaf-b1f8-4aac-bdbb-602a8a823c8a": {
    "url": "db://assets/prefabs/UIRoot.prefab",
    "value": {
      "depends": [],
      "dependScripts": []
    },
    "versionCode": 1
  },
  "7e6c876c-e027-40c5-9734-4afc37100d28": {
    "url": "db://assets/prefabs/GameManager.prefab",
    "value": {
      "depends": [],
      "dependScripts": [
        "f08df0c1-d72c-4717-8aaf-3cddc2f3f3e7"
      ]
    },
    "versionCode": 1
  },
  "90c879ba-23a6-4734-b97d-5b95508d8157": {
    "url": "db://assets/scripts/PointInfo.ts",
    "value": {},
    "versionCode": 1
  }
}
